{
    "posts": [
        {
            "name": "jessy_john",
            "altname": "Jessy",
            "photo": "https://ksassets.timeincuk.net/wp/uploads/sites/46/2017/03/Priti-Patel-re-sized.jpg",
            "src": "http://isha.sadhguru.org/blog/wp-content/uploads/2016/05/natures-temples.jpg",
            "alt": "Nature",
            "descr": "This is so perfect! Amazing nature!",
            "id": "1"
        },
        {
            "name": "abracham_mvp",
            "altname": "Abby",
            "photo": "https://www.loyatic.eu/wp-content/uploads/2017/11/iStock_000020004182Medium1.jpg",
            "src": "https://wwwimage-secure.cbsstatic.com/thumbnails/photos/w1920/marquee/1025957/72e1f4c7b764c8d2_mwp_hp_hero_landscape.jpg",
            "alt": "Photo",
            "descr": "Hello, this is my first photo here!",
            "id": "2"
        },
        {
            "name": "petrychenko_ivan",
            "altname": "Ivan",
            "photo": "https://scontent-arn2-2.cdninstagram.com/vp/9d73bf6b10ad824de2ae7967bdaf3e28/5D6439C8/t51.2885-19/s150x150/32709032_195146804461686_2087604678543015936_n.jpg?_nc_ht=scontent-arn2-2.cdninstagram.com",
            "src": "https://scontent-arn2-2.cdninstagram.com/vp/5eaed9d4cff5a383ac4268734ab83db4/5D5EB16E/t51.2885-15/e35/52364169_313103329348388_2352836595513722142_n.jpg?_nc_ht=scontent-arn2-2.cdninstagram.com",
            "alt": "Tech photo",
            "descr": "Real photo from instagram",
            "id": "3"
        },
        {
            "name": "real_eggs",
            "altname": "eggs",
            "photo": "https://www.washingtonpost.com/resizer/1RhnmRzobv_b5lzu2YIz381sV8s=/1484x0/arc-anglerfish-washpost-prod-washpost.s3.amazonaws.com/public/4ZLH33AYAAI6TOHGKZYZBQX5BA.jpg",
            "src": "https://hips.hearstapps.com/delish/assets/18/08/1519321899-hard-boiled-eggs-horizontal.jpg",
            "alt": "My world",
            "descr": "When you so tired...",
            "id": "4"
        },
        {
            "name": "katefromlviv",
            "altname": "Kate",
            "photo": "https://cdn.lifehack.org/wp-content/uploads/2015/01/alpha-woman-1024x768.jpeg",
            "src": "https://nighthelper.com/wp-content/uploads/2016/03/nature_waterfall_summer_lake_trees_90400_3840x2160.jpg",
            "alt": "Lake",
            "descr": "Какое прекрасное летнее озеро! Сфоткала пока ехала в село, к бабушке",
            "id": "5"
        },
        {
            "name": "smoothiemaker",
            "altname": "Smoothie",
            "photo": "https://hips.hearstapps.com/hmg-prod.s3.amazonaws.com/images/delish-how-to-make-a-smoothie-horizontal-1542310071.png?crop=0.803xw:0.923xh;0.116xw,0.00510xh&resize=480:*",
            "src": "https://www.culinaryhill.com/wp-content/uploads/2015/01/Caribbean-Passion-Smoothie-Jamba-Juice-Copycat-Culinary-Hill-square.jpg",
            "alt": "Smoothie",
            "descr": "Hello! If you want to drink some delicious smoothies - just call me!",
            "id": "6"
        }
    ]
}
